--
-- Base de datos: `santander`
--

-- --------------------------------------------------------

--
-- Estructura de tabla para la tabla `departamentos`
--

CREATE TABLE `departamentos` (
  `id_departamento` int(11) UNSIGNED NOT NULL,
  `departamento` varchar(255) NOT NULL DEFAULT ''
) ENGINE=InnoDB DEFAULT CHARSET=utf8mb4;

--
-- Volcado de datos para la tabla `departamentos`
--

INSERT INTO `departamentos` (`id_departamento`, `departamento`) VALUES
(5, 'ANTIOQUIA'),
(8, 'ATLÁNTICO'),
(11, 'BOGOTÁ, D.C.'),
(13, 'BOLÍVAR'),
(15, 'BOYACÁ'),
(17, 'CALDAS'),
(18, 'CAQUETÁ'),
(19, 'CAUCA'),
(20, 'CESAR'),
(23, 'CÓRDOBA'),
(25, 'CUNDINAMARCA'),
(27, 'CHOCÓ'),
(41, 'HUILA'),
(44, 'LA GUAJIRA'),
(47, 'MAGDALENA'),
(50, 'META'),
(52, 'NARIÑO'),
(54, 'NORTE DE SANTANDER'),
(63, 'QUINDIO'),
(66, 'RISARALDA'),
(68, 'SANTANDER'),
(70, 'SUCRE'),
(73, 'TOLIMA'),
(76, 'VALLE DEL CAUCA'),
(81, 'ARAUCA'),
(85, 'CASANARE'),
(86, 'PUTUMAYO'),
(88, 'ARCHIPIÉLAGO DE SAN ANDRÉS, PROVIDENCIA Y SANTA CATALINA'),
(91, 'AMAZONAS'),
(94, 'GUAINÍA'),
(95, 'GUAVIARE'),
(97, 'VAUPÉS'),
(99, 'VICHADA');

-- --------------------------------------------------------

--
-- Estructura de tabla para la tabla `municipios`
--

CREATE TABLE `municipios` (
  `municipio` varchar(255) NOT NULL,
  `estado` int(11) NOT NULL,
  `departamento_id` int(11) NOT NULL,
  `id` int(11) NOT NULL
) ENGINE=InnoDB DEFAULT CHARSET=utf8mb4;

--
-- Volcado de datos para la tabla `municipios`
--

INSERT INTO `municipios` (`municipio`, `estado`, `departamento_id`, `id`) VALUES
('Abriaquí', 1, 5, 1),
('Acacías', 1, 50, 2),
('Acandí', 1, 27, 3),
('Acevedo', 1, 41, 4),
('Achí', 1, 13, 5),
('Agrado', 1, 41, 6),
('Agua de Dios', 1, 25, 7),
('Aguachica', 1, 20, 8),
('Aguada', 1, 68, 9),
('Aguadas', 1, 17, 10),
('Aguazul', 1, 85, 11),
('Agustín Codazzi', 1, 20, 12),
('Aipe', 1, 41, 13),
('Albania', 1, 18, 14),
('Albania', 1, 44, 15),
('Albania', 1, 68, 16),
('Albán', 1, 25, 17),
('Albán (San José)', 1, 52, 18),
('Alcalá', 1, 76, 19),
('Alejandria', 1, 5, 20),
('Algarrobo', 1, 47, 21),
('Algeciras', 1, 41, 22),
('Almaguer', 1, 19, 23),
('Almeida', 1, 15, 24),
('Alpujarra', 1, 73, 25),
('Altamira', 1, 41, 26),
('Alto Baudó (Pie de Pato)', 1, 27, 27),
('Altos del Rosario', 1, 13, 28),
('Alvarado', 1, 73, 29),
('Amagá', 1, 5, 30),
('Amalfi', 1, 5, 31),
('Ambalema', 1, 73, 32),
('Anapoima', 1, 25, 33),
('Ancuya', 1, 52, 34),
('Andalucía', 1, 76, 35),
('Andes', 1, 5, 36),
('Angelópolis', 1, 5, 37),
('Angostura', 1, 5, 38),
('Anolaima', 1, 25, 39),
('Anorí', 1, 5, 40),
('Anserma', 1, 17, 41),
('Ansermanuevo', 1, 76, 42),
('Anzoátegui', 1, 73, 43),
('Anzá', 1, 5, 44),
('Apartadó', 1, 5, 45),
('Apulo', 1, 25, 46),
('Apía', 1, 66, 47),
('Aquitania', 1, 15, 48),
('Aracataca', 1, 47, 49),
('Aranzazu', 1, 17, 50),
('Aratoca', 1, 68, 51),
('Arauca', 1, 81, 52),
('Arauquita', 1, 81, 53),
('Arbeláez', 1, 25, 54),
('Arboleda (Berruecos)', 1, 52, 55),
('Arboledas', 1, 54, 56),
('Arboletes', 1, 5, 57),
('Arcabuco', 1, 15, 58),
('Arenal', 1, 13, 59),
('Argelia', 1, 5, 60),
('Argelia', 1, 19, 61),
('Argelia', 1, 76, 62),
('Ariguaní (El Difícil)', 1, 47, 63),
('Arjona', 1, 13, 64),
('Armenia', 1, 5, 65),
('Armenia', 1, 63, 66),
('Armero (Guayabal)', 1, 73, 67),
('Arroyohondo', 1, 13, 68),
('Astrea', 1, 20, 69),
('Ataco', 1, 73, 70),
('Atrato (Yuto)', 1, 27, 71),
('Ayapel', 1, 23, 72),
('Bagadó', 1, 27, 73),
('Bahía Solano (Mútis)', 1, 27, 74),
('Bajo Baudó (Pizarro)', 1, 27, 75),
('Balboa', 1, 19, 76),
('Balboa', 1, 66, 77),
('Baranoa', 1, 8, 78),
('Baraya', 1, 41, 79),
('Barbacoas', 1, 52, 80),
('Barbosa', 1, 5, 81),
('Barbosa', 1, 68, 82),
('Barichara', 1, 68, 83),
('Barranca de Upía', 1, 50, 84),
('Barrancabermeja', 1, 68, 85),
('Barrancas', 1, 44, 86),
('Barranco de Loba', 1, 13, 87),
('Barranquilla', 1, 8, 88),
('Becerríl', 1, 20, 89),
('Belalcázar', 1, 17, 90),
('Bello', 1, 5, 91),
('Belmira', 1, 5, 92),
('Beltrán', 1, 25, 93),
('Belén', 1, 15, 94),
('Belén', 1, 52, 95),
('Belén de Bajirá', 1, 27, 96),
('Belén de Umbría', 1, 66, 97),
('Belén de los Andaquíes', 1, 18, 98),
('Berbeo', 1, 15, 99),
('Betania', 1, 5, 100),
('Beteitiva', 1, 15, 101),
('Betulia', 1, 5, 102),
('Betulia', 1, 68, 103),
('Bituima', 1, 25, 104),
('Boavita', 1, 15, 105),
('Bochalema', 1, 54, 106),
('Bogotá D.C.', 1, 11, 107),
('Bojacá', 1, 25, 108),
('Bojayá (Bellavista)', 1, 27, 109),
('Bolívar', 1, 5, 110),
('Bolívar', 1, 19, 111),
('Bolívar', 1, 68, 112),
('Bolívar', 1, 76, 113),
('Bosconia', 1, 20, 114),
('Boyacá', 1, 15, 115),
('Briceño', 1, 5, 116),
('Briceño', 1, 15, 117),
('Bucaramanga', 1, 68, 118),
('Bucarasica', 1, 54, 119),
('Buenaventura', 1, 76, 120),
('Buenavista', 1, 15, 121),
('Buenavista', 1, 23, 122),
('Buenavista', 1, 63, 123),
('Buenavista', 1, 70, 124),
('Buenos Aires', 1, 19, 125),
('Buesaco', 1, 52, 126),
('Buga', 1, 76, 127),
('Bugalagrande', 1, 76, 128),
('Burítica', 1, 5, 129),
('Busbanza', 1, 15, 130),
('Cabrera', 1, 25, 131),
('Cabrera', 1, 68, 132),
('Cabuyaro', 1, 50, 133),
('Cachipay', 1, 25, 134),
('Caicedo', 1, 5, 135),
('Caicedonia', 1, 76, 136),
('Caimito', 1, 70, 137),
('Cajamarca', 1, 73, 138),
('Cajibío', 1, 19, 139),
('Cajicá', 1, 25, 140),
('Calamar', 1, 13, 141),
('Calamar', 1, 95, 142),
('Calarcá', 1, 63, 143),
('Caldas', 1, 5, 144),
('Caldas', 1, 15, 145),
('Caldono', 1, 19, 146),
('California', 1, 68, 147),
('Calima (Darién)', 1, 76, 148),
('Caloto', 1, 19, 149),
('Calí', 1, 76, 150),
('Campamento', 1, 5, 151),
('Campo de la Cruz', 1, 8, 152),
('Campoalegre', 1, 41, 153),
('Campohermoso', 1, 15, 154),
('Canalete', 1, 23, 155),
('Candelaria', 1, 8, 156),
('Candelaria', 1, 76, 157),
('Cantagallo', 1, 13, 158),
('Cantón de San Pablo', 1, 27, 159),
('Caparrapí', 1, 25, 160),
('Capitanejo', 1, 68, 161),
('Caracolí', 1, 5, 162),
('Caramanta', 1, 5, 163),
('Carcasí', 1, 68, 164),
('Carepa', 1, 5, 165),
('Carmen de Apicalá', 1, 73, 166),
('Carmen de Carupa', 1, 25, 167),
('Carmen de Viboral', 1, 5, 168),
('Carmen del Darién (CURBARADÓ)', 1, 27, 169),
('Carolina', 1, 5, 170),
('Cartagena', 1, 13, 171),
('Cartagena del Chairá', 1, 18, 172),
('Cartago', 1, 76, 173),
('Carurú', 1, 97, 174),
('Casabianca', 1, 73, 175),
('Castilla la Nueva', 1, 50, 176),
('Caucasia', 1, 5, 177),
('Cañasgordas', 1, 5, 178),
('Cepita', 1, 68, 179),
('Cereté', 1, 23, 180),
('Cerinza', 1, 15, 181),
('Cerrito', 1, 68, 182),
('Cerro San Antonio', 1, 47, 183),
('Chachaguí', 1, 52, 184),
('Chaguaní', 1, 25, 185),
('Chalán', 1, 70, 186),
('Chaparral', 1, 73, 187),
('Charalá', 1, 68, 188),
('Charta', 1, 68, 189),
('Chigorodó', 1, 5, 190),
('Chima', 1, 68, 191),
('Chimichagua', 1, 20, 192),
('Chimá', 1, 23, 193),
('Chinavita', 1, 15, 194),
('Chinchiná', 1, 17, 195),
('Chinácota', 1, 54, 196),
('Chinú', 1, 23, 197),
('Chipaque', 1, 25, 198),
('Chipatá', 1, 68, 199),
('Chiquinquirá', 1, 15, 200),
('Chiriguaná', 1, 20, 201),
('Chiscas', 1, 15, 202),
('Chita', 1, 15, 203),
('Chitagá', 1, 54, 204),
('Chitaraque', 1, 15, 205),
('Chivatá', 1, 15, 206),
('Chivolo', 1, 47, 207),
('Choachí', 1, 25, 208),
('Chocontá', 1, 25, 209),
('Chámeza', 1, 85, 210),
('Chía', 1, 25, 211),
('Chíquiza', 1, 15, 212),
('Chívor', 1, 15, 213),
('Cicuco', 1, 13, 214),
('Cimitarra', 1, 68, 215),
('Circasia', 1, 63, 216),
('Cisneros', 1, 5, 217),
('Ciénaga', 1, 15, 218),
('Ciénaga', 1, 47, 219),
('Ciénaga de Oro', 1, 23, 220),
('Clemencia', 1, 13, 221),
('Cocorná', 1, 5, 222),
('Coello', 1, 73, 223),
('Cogua', 1, 25, 224),
('Colombia', 1, 41, 225),
('Colosó (Ricaurte)', 1, 70, 226),
('Colón', 1, 86, 227),
('Colón (Génova)', 1, 52, 228),
('Concepción', 1, 5, 229),
('Concepción', 1, 68, 230),
('Concordia', 1, 5, 231),
('Concordia', 1, 47, 232),
('Condoto', 1, 27, 233),
('Confines', 1, 68, 234),
('Consaca', 1, 52, 235),
('Contadero', 1, 52, 236),
('Contratación', 1, 68, 237),
('Convención', 1, 54, 238),
('Copacabana', 1, 5, 239),
('Coper', 1, 15, 240),
('Cordobá', 1, 63, 241),
('Corinto', 1, 19, 242),
('Coromoro', 1, 68, 243),
('Corozal', 1, 70, 244),
('Corrales', 1, 15, 245),
('Cota', 1, 25, 246),
('Cotorra', 1, 23, 247),
('Covarachía', 1, 15, 248),
('Coveñas', 1, 70, 249),
('Coyaima', 1, 73, 250),
('Cravo Norte', 1, 81, 251),
('Cuaspud (Carlosama)', 1, 52, 252),
('Cubarral', 1, 50, 253),
('Cubará', 1, 15, 254),
('Cucaita', 1, 15, 255),
('Cucunubá', 1, 25, 256),
('Cucutilla', 1, 54, 257),
('Cuitiva', 1, 15, 258),
('Cumaral', 1, 50, 259),
('Cumaribo', 1, 99, 260),
('Cumbal', 1, 52, 261),
('Cumbitara', 1, 52, 262),
('Cunday', 1, 73, 263),
('Curillo', 1, 18, 264),
('Curití', 1, 68, 265),
('Curumaní', 1, 20, 266),
('Cáceres', 1, 5, 267),
('Cáchira', 1, 54, 268),
('Cácota', 1, 54, 269),
('Cáqueza', 1, 25, 270),
('Cértegui', 1, 27, 271),
('Cómbita', 1, 15, 272),
('Córdoba', 1, 13, 273),
('Córdoba', 1, 52, 274),
('Cúcuta', 1, 54, 275),
('Dabeiba', 1, 5, 276),
('Dagua', 1, 76, 277),
('Dibulla', 1, 44, 278),
('Distracción', 1, 44, 279),
('Dolores', 1, 73, 280),
('Don Matías', 1, 5, 281),
('Dos Quebradas', 1, 66, 282),
('Duitama', 1, 15, 283),
('Durania', 1, 54, 284),
('Ebéjico', 1, 5, 285),
('El Bagre', 1, 5, 286),
('El Banco', 1, 47, 287),
('El Cairo', 1, 76, 288),
('El Calvario', 1, 50, 289),
('El Carmen', 1, 54, 290),
('El Carmen', 1, 68, 291),
('El Carmen de Atrato', 1, 27, 292),
('El Carmen de Bolívar', 1, 13, 293),
('El Castillo', 1, 50, 294),
('El Cerrito', 1, 76, 295),
('El Charco', 1, 52, 296),
('El Cocuy', 1, 15, 297),
('El Colegio', 1, 25, 298),
('El Copey', 1, 20, 299),
('El Doncello', 1, 18, 300),
('El Dorado', 1, 50, 301),
('El Dovio', 1, 76, 302),
('El Espino', 1, 15, 303),
('El Guacamayo', 1, 68, 304),
('El Guamo', 1, 13, 305),
('El Molino', 1, 44, 306),
('El Paso', 1, 20, 307),
('El Paujil', 1, 18, 308),
('El Peñol', 1, 52, 309),
('El Peñon', 1, 13, 310),
('El Peñon', 1, 68, 311),
('El Peñón', 1, 25, 312),
('El Piñon', 1, 47, 313),
('El Playón', 1, 68, 314),
('El Retorno', 1, 95, 315),
('El Retén', 1, 47, 316),
('El Roble', 1, 70, 317),
('El Rosal', 1, 25, 318),
('El Rosario', 1, 52, 319),
('El Tablón de Gómez', 1, 52, 320),
('El Tambo', 1, 19, 321),
('El Tambo', 1, 52, 322),
('El Tarra', 1, 54, 323),
('El Zulia', 1, 54, 324),
('El Águila', 1, 76, 325),
('Elías', 1, 41, 326),
('Encino', 1, 68, 327),
('Enciso', 1, 68, 328),
('Entrerríos', 1, 5, 329),
('Envigado', 1, 5, 330),
('Espinal', 1, 73, 331),
('Facatativá', 1, 25, 332),
('Falan', 1, 73, 333),
('Filadelfia', 1, 17, 334),
('Filandia', 1, 63, 335),
('Firavitoba', 1, 15, 336),
('Flandes', 1, 73, 337),
('Florencia', 1, 18, 338),
('Florencia', 1, 19, 339),
('Floresta', 1, 15, 340),
('Florida', 1, 76, 341),
('Floridablanca', 1, 68, 342),
('Florián', 1, 68, 343),
('Fonseca', 1, 44, 344),
('Fortúl', 1, 81, 345),
('Fosca', 1, 25, 346),
('Francisco Pizarro', 1, 52, 347),
('Fredonia', 1, 5, 348),
('Fresno', 1, 73, 349),
('Frontino', 1, 5, 350),
('Fuente de Oro', 1, 50, 351),
('Fundación', 1, 47, 352),
('Funes', 1, 52, 353),
('Funza', 1, 25, 354),
('Fusagasugá', 1, 25, 355),
('Fómeque', 1, 25, 356),
('Fúquene', 1, 25, 357),
('Gachalá', 1, 25, 358),
('Gachancipá', 1, 25, 359),
('Gachantivá', 1, 15, 360),
('Gachetá', 1, 25, 361),
('Galapa', 1, 8, 362),
('Galeras (Nueva Granada)', 1, 70, 363),
('Galán', 1, 68, 364),
('Gama', 1, 25, 365),
('Gamarra', 1, 20, 366),
('Garagoa', 1, 15, 367),
('Garzón', 1, 41, 368),
('Gigante', 1, 41, 369),
('Ginebra', 1, 76, 370),
('Giraldo', 1, 5, 371),
('Girardot', 1, 25, 372),
('Girardota', 1, 5, 373),
('Girón', 1, 68, 374),
('Gonzalez', 1, 20, 375),
('Gramalote', 1, 54, 376),
('Granada', 1, 5, 377),
('Granada', 1, 25, 378),
('Granada', 1, 50, 379),
('Guaca', 1, 68, 380),
('Guacamayas', 1, 15, 381),
('Guacarí', 1, 76, 382),
('Guachavés', 1, 52, 383),
('Guachené', 1, 19, 384),
('Guachetá', 1, 25, 385),
('Guachucal', 1, 52, 386),
('Guadalupe', 1, 5, 387),
('Guadalupe', 1, 41, 388),
('Guadalupe', 1, 68, 389),
('Guaduas', 1, 25, 390),
('Guaitarilla', 1, 52, 391),
('Gualmatán', 1, 52, 392),
('Guamal', 1, 47, 393),
('Guamal', 1, 50, 394),
('Guamo', 1, 73, 395),
('Guapota', 1, 68, 396),
('Guapí', 1, 19, 397),
('Guaranda', 1, 70, 398),
('Guarne', 1, 5, 399),
('Guasca', 1, 25, 400),
('Guatapé', 1, 5, 401),
('Guataquí', 1, 25, 402),
('Guatavita', 1, 25, 403),
('Guateque', 1, 15, 404),
('Guavatá', 1, 68, 405),
('Guayabal de Siquima', 1, 25, 406),
('Guayabetal', 1, 25, 407),
('Guayatá', 1, 15, 408),
('Guepsa', 1, 68, 409),
('Guicán', 1, 15, 410),
('Gutiérrez', 1, 25, 411),
('Guática', 1, 66, 412),
('Gámbita', 1, 68, 413),
('Gámeza', 1, 15, 414),
('Génova', 1, 63, 415),
('Gómez Plata', 1, 5, 416),
('Hacarí', 1, 54, 417),
('Hatillo de Loba', 1, 13, 418),
('Hato', 1, 68, 419),
('Hato Corozal', 1, 85, 420),
('Hatonuevo', 1, 44, 421),
('Heliconia', 1, 5, 422),
('Herrán', 1, 54, 423),
('Herveo', 1, 73, 424),
('Hispania', 1, 5, 425),
('Hobo', 1, 41, 426),
('Honda', 1, 73, 427),
('Ibagué', 1, 73, 428),
('Icononzo', 1, 73, 429),
('Iles', 1, 52, 430),
('Imúes', 1, 52, 431),
('Inzá', 1, 19, 432),
('Inírida', 1, 94, 433),
('Ipiales', 1, 52, 434),
('Isnos', 1, 41, 435),
('Istmina', 1, 27, 436),
('Itagüí', 1, 5, 437),
('Ituango', 1, 5, 438),
('Izá', 1, 15, 439),
('Jambaló', 1, 19, 440),
('Jamundí', 1, 76, 441),
('Jardín', 1, 5, 442),
('Jenesano', 1, 15, 443),
('Jericó', 1, 5, 444),
('Jericó', 1, 15, 445),
('Jerusalén', 1, 25, 446),
('Jesús María', 1, 68, 447),
('Jordán', 1, 68, 448),
('Juan de Acosta', 1, 8, 449),
('Junín', 1, 25, 450),
('Juradó', 1, 27, 451),
('La Apartada y La Frontera', 1, 23, 452),
('La Argentina', 1, 41, 453),
('La Belleza', 1, 68, 454),
('La Calera', 1, 25, 455),
('La Capilla', 1, 15, 456),
('La Ceja', 1, 5, 457),
('La Celia', 1, 66, 458),
('La Cruz', 1, 52, 459),
('La Cumbre', 1, 76, 460),
('La Dorada', 1, 17, 461),
('La Esperanza', 1, 54, 462),
('La Estrella', 1, 5, 463),
('La Florida', 1, 52, 464),
('La Gloria', 1, 20, 465),
('La Jagua de Ibirico', 1, 20, 466),
('La Jagua del Pilar', 1, 44, 467),
('La Llanada', 1, 52, 468),
('La Macarena', 1, 50, 469),
('La Merced', 1, 17, 470),
('La Mesa', 1, 25, 471),
('La Montañita', 1, 18, 472),
('La Palma', 1, 25, 473),
('La Paz', 1, 68, 474),
('La Paz (Robles)', 1, 20, 475),
('La Peña', 1, 25, 476),
('La Pintada', 1, 5, 477),
('La Plata', 1, 41, 478),
('La Playa', 1, 54, 479),
('La Primavera', 1, 99, 480),
('La Salina', 1, 85, 481),
('La Sierra', 1, 19, 482),
('La Tebaida', 1, 63, 483),
('La Tola', 1, 52, 484),
('La Unión', 1, 5, 485),
('La Unión', 1, 52, 486),
('La Unión', 1, 70, 487),
('La Unión', 1, 76, 488),
('La Uvita', 1, 15, 489),
('La Vega', 1, 19, 490),
('La Vega', 1, 25, 491),
('La Victoria', 1, 15, 492),
('La Victoria', 1, 17, 493),
('La Victoria', 1, 76, 494),
('La Virginia', 1, 66, 495),
('Labateca', 1, 54, 496),
('Labranzagrande', 1, 15, 497),
('Landázuri', 1, 68, 498),
('Lebrija', 1, 68, 499),
('Leiva', 1, 52, 500),
('Lejanías', 1, 50, 501),
('Lenguazaque', 1, 25, 502),
('Leticia', 1, 91, 503),
('Liborina', 1, 5, 504),
('Linares', 1, 52, 505),
('Lloró', 1, 27, 506),
('Lorica', 1, 23, 507),
('Los Córdobas', 1, 23, 508),
('Los Palmitos', 1, 70, 509),
('Los Patios', 1, 54, 510),
('Los Santos', 1, 68, 511),
('Lourdes', 1, 54, 512),
('Luruaco', 1, 8, 513),
('Lérida', 1, 73, 514),
('Líbano', 1, 73, 515),
('López (Micay)', 1, 19, 516),
('Macanal', 1, 15, 517),
('Macaravita', 1, 68, 518),
('Maceo', 1, 5, 519),
('Machetá', 1, 25, 520),
('Madrid', 1, 25, 521),
('Magangué', 1, 13, 522),
('Magüi (Payán)', 1, 52, 523),
('Mahates', 1, 13, 524),
('Maicao', 1, 44, 525),
('Majagual', 1, 70, 526),
('Malambo', 1, 8, 527),
('Mallama (Piedrancha)', 1, 52, 528),
('Manatí', 1, 8, 529),
('Manaure', 1, 44, 530),
('Manaure Balcón del Cesar', 1, 20, 531),
('Manizales', 1, 17, 532),
('Manta', 1, 25, 533),
('Manzanares', 1, 17, 534),
('Maní', 1, 85, 535),
('Mapiripan', 1, 50, 536),
('Margarita', 1, 13, 537),
('Marinilla', 1, 5, 538),
('Maripí', 1, 15, 539),
('Mariquita', 1, 73, 540),
('Marmato', 1, 17, 541),
('Marquetalia', 1, 17, 542),
('Marsella', 1, 66, 543),
('Marulanda', 1, 17, 544),
('María la Baja', 1, 13, 545),
('Matanza', 1, 68, 546),
('Medellín', 1, 5, 547),
('Medina', 1, 25, 548),
('Medio Atrato', 1, 27, 549),
('Medio Baudó', 1, 27, 550),
('Medio San Juan (ANDAGOYA)', 1, 27, 551),
('Melgar', 1, 73, 552),
('Mercaderes', 1, 19, 553),
('Mesetas', 1, 50, 554),
('Milán', 1, 18, 555),
('Miraflores', 1, 15, 556),
('Miraflores', 1, 95, 557),
('Miranda', 1, 19, 558),
('Mistrató', 1, 66, 559),
('Mitú', 1, 97, 560),
('Mocoa', 1, 86, 561),
('Mogotes', 1, 68, 562),
('Molagavita', 1, 68, 563),
('Momil', 1, 23, 564),
('Mompós', 1, 13, 565),
('Mongua', 1, 15, 566),
('Monguí', 1, 15, 567),
('Moniquirá', 1, 15, 568),
('Montebello', 1, 5, 569),
('Montecristo', 1, 13, 570),
('Montelíbano', 1, 23, 571),
('Montenegro', 1, 63, 572),
('Monteria', 1, 23, 573),
('Monterrey', 1, 85, 574),
('Morales', 1, 13, 575),
('Morales', 1, 19, 576),
('Morelia', 1, 18, 577),
('Morroa', 1, 70, 578),
('Mosquera', 1, 25, 579),
('Mosquera', 1, 52, 580),
('Motavita', 1, 15, 581),
('Moñitos', 1, 23, 582),
('Murillo', 1, 73, 583),
('Murindó', 1, 5, 584),
('Mutatá', 1, 5, 585),
('Mutiscua', 1, 54, 586),
('Muzo', 1, 15, 587),
('Málaga', 1, 68, 588),
('Nariño', 1, 5, 589),
('Nariño', 1, 25, 590),
('Nariño', 1, 52, 591),
('Natagaima', 1, 73, 592),
('Nechí', 1, 5, 593),
('Necoclí', 1, 5, 594),
('Neira', 1, 17, 595),
('Neiva', 1, 41, 596),
('Nemocón', 1, 25, 597),
('Nilo', 1, 25, 598),
('Nimaima', 1, 25, 599),
('Nobsa', 1, 15, 600),
('Nocaima', 1, 25, 601),
('Norcasia', 1, 17, 602),
('Norosí', 1, 13, 603),
('Novita', 1, 27, 604),
('Nueva Granada', 1, 47, 605),
('Nuevo Colón', 1, 15, 606),
('Nunchía', 1, 85, 607),
('Nuquí', 1, 27, 608),
('Nátaga', 1, 41, 609),
('Obando', 1, 76, 610),
('Ocamonte', 1, 68, 611),
('Ocaña', 1, 54, 612),
('Oiba', 1, 68, 613),
('Oicatá', 1, 15, 614),
('Olaya', 1, 5, 615),
('Olaya Herrera', 1, 52, 616),
('Onzaga', 1, 68, 617),
('Oporapa', 1, 41, 618),
('Orito', 1, 86, 619),
('Orocué', 1, 85, 620),
('Ortega', 1, 73, 621),
('Ospina', 1, 52, 622),
('Otanche', 1, 15, 623),
('Ovejas', 1, 70, 624),
('Pachavita', 1, 15, 625),
('Pacho', 1, 25, 626),
('Padilla', 1, 19, 627),
('Paicol', 1, 41, 628),
('Pailitas', 1, 20, 629),
('Paime', 1, 25, 630),
('Paipa', 1, 15, 631),
('Pajarito', 1, 15, 632),
('Palermo', 1, 41, 633),
('Palestina', 1, 17, 634),
('Palestina', 1, 41, 635),
('Palmar', 1, 68, 636),
('Palmar de Varela', 1, 8, 637),
('Palmas del Socorro', 1, 68, 638),
('Palmira', 1, 76, 639),
('Palmito', 1, 70, 640),
('Palocabildo', 1, 73, 641),
('Pamplona', 1, 54, 642),
('Pamplonita', 1, 54, 643),
('Pandi', 1, 25, 644),
('Panqueba', 1, 15, 645),
('Paratebueno', 1, 25, 646),
('Pasca', 1, 25, 647),
('Patía (El Bordo)', 1, 19, 648),
('Pauna', 1, 15, 649),
('Paya', 1, 15, 650),
('Paz de Ariporo', 1, 85, 651),
('Paz de Río', 1, 15, 652),
('Pedraza', 1, 47, 653),
('Pelaya', 1, 20, 654),
('Pensilvania', 1, 17, 655),
('Peque', 1, 5, 656),
('Pereira', 1, 66, 657),
('Pesca', 1, 15, 658),
('Peñol', 1, 5, 659),
('Piamonte', 1, 19, 660),
('Pie de Cuesta', 1, 68, 661),
('Piedras', 1, 73, 662),
('Piendamó', 1, 19, 663),
('Pijao', 1, 63, 664),
('Pijiño', 1, 47, 665),
('Pinchote', 1, 68, 666),
('Pinillos', 1, 13, 667),
('Piojo', 1, 8, 668),
('Pisva', 1, 15, 669),
('Pital', 1, 41, 670),
('Pitalito', 1, 41, 671),
('Pivijay', 1, 47, 672),
('Planadas', 1, 73, 673),
('Planeta Rica', 1, 23, 674),
('Plato', 1, 47, 675),
('Policarpa', 1, 52, 676),
('Polonuevo', 1, 8, 677),
('Ponedera', 1, 8, 678),
('Popayán', 1, 19, 679),
('Pore', 1, 85, 680),
('Potosí', 1, 52, 681),
('Pradera', 1, 76, 682),
('Prado', 1, 73, 683),
('Providencia', 1, 52, 684),
('Providencia', 1, 88, 685),
('Pueblo Bello', 1, 20, 686),
('Pueblo Nuevo', 1, 23, 687),
('Pueblo Rico', 1, 66, 688),
('Pueblorrico', 1, 5, 689),
('Puebloviejo', 1, 47, 690),
('Puente Nacional', 1, 68, 691),
('Puerres', 1, 52, 692),
('Puerto Asís', 1, 86, 693),
('Puerto Berrío', 1, 5, 694),
('Puerto Boyacá', 1, 15, 695),
('Puerto Caicedo', 1, 86, 696),
('Puerto Carreño', 1, 99, 697),
('Puerto Colombia', 1, 8, 698),
('Puerto Concordia', 1, 50, 699),
('Puerto Escondido', 1, 23, 700),
('Puerto Gaitán', 1, 50, 701),
('Puerto Guzmán', 1, 86, 702),
('Puerto Leguízamo', 1, 86, 703),
('Puerto Libertador', 1, 23, 704),
('Puerto Lleras', 1, 50, 705),
('Puerto López', 1, 50, 706),
('Puerto Nare', 1, 5, 707),
('Puerto Nariño', 1, 91, 708),
('Puerto Parra', 1, 68, 709),
('Puerto Rico', 1, 18, 710),
('Puerto Rico', 1, 50, 711),
('Puerto Rondón', 1, 81, 712),
('Puerto Salgar', 1, 25, 713),
('Puerto Santander', 1, 54, 714),
('Puerto Tejada', 1, 19, 715),
('Puerto Triunfo', 1, 5, 716),
('Puerto Wilches', 1, 68, 717),
('Pulí', 1, 25, 718),
('Pupiales', 1, 52, 719),
('Puracé (Coconuco)', 1, 19, 720),
('Purificación', 1, 73, 721),
('Purísima', 1, 23, 722),
('Pácora', 1, 17, 723),
('Páez', 1, 15, 724),
('Páez (Belalcazar)', 1, 19, 725),
('Páramo', 1, 68, 726),
('Quebradanegra', 1, 25, 727),
('Quetame', 1, 25, 728),
('Quibdó', 1, 27, 729),
('Quimbaya', 1, 63, 730),
('Quinchía', 1, 66, 731),
('Quipama', 1, 15, 732),
('Quipile', 1, 25, 733),
('Ragonvalia', 1, 54, 734),
('Ramiriquí', 1, 15, 735),
('Recetor', 1, 85, 736),
('Regidor', 1, 13, 737),
('Remedios', 1, 5, 738),
('Remolino', 1, 47, 739),
('Repelón', 1, 8, 740),
('Restrepo', 1, 50, 741),
('Restrepo', 1, 76, 742),
('Retiro', 1, 5, 743),
('Ricaurte', 1, 25, 744),
('Ricaurte', 1, 52, 745),
('Rio Negro', 1, 68, 746),
('Rioblanco', 1, 73, 747),
('Riofrío', 1, 76, 748),
('Riohacha', 1, 44, 749),
('Risaralda', 1, 17, 750),
('Rivera', 1, 41, 751),
('Roberto Payán (San José)', 1, 52, 752),
('Roldanillo', 1, 76, 753),
('Roncesvalles', 1, 73, 754),
('Rondón', 1, 15, 755),
('Rosas', 1, 19, 756),
('Rovira', 1, 73, 757),
('Ráquira', 1, 15, 758),
('Río Iró', 1, 27, 759),
('Río Quito', 1, 27, 760),
('Río Sucio', 1, 17, 761),
('Río Viejo', 1, 13, 762),
('Río de oro', 1, 20, 763),
('Ríonegro', 1, 5, 764),
('Ríosucio', 1, 27, 765),
('Sabana de Torres', 1, 68, 766),
('Sabanagrande', 1, 8, 767),
('Sabanalarga', 1, 5, 768),
('Sabanalarga', 1, 8, 769),
('Sabanalarga', 1, 85, 770),
('Sabanas de San Angel (SAN ANGEL)', 1, 47, 771),
('Sabaneta', 1, 5, 772),
('Saboyá', 1, 15, 773),
('Sahagún', 1, 23, 774),
('Saladoblanco', 1, 41, 775),
('Salamina', 1, 17, 776),
('Salamina', 1, 47, 777),
('Salazar', 1, 54, 778),
('Saldaña', 1, 73, 779),
('Salento', 1, 63, 780),
('Salgar', 1, 5, 781),
('Samacá', 1, 15, 782),
('Samaniego', 1, 52, 783),
('Samaná', 1, 17, 784),
('Sampués', 1, 70, 785),
('San Agustín', 1, 41, 786),
('San Alberto', 1, 20, 787),
('San Andrés', 1, 68, 788),
('San Andrés Sotavento', 1, 23, 789),
('San Andrés de Cuerquía', 1, 5, 790),
('San Antero', 1, 23, 791),
('San Antonio', 1, 73, 792),
('San Antonio de Tequendama', 1, 25, 793),
('San Benito', 1, 68, 794),
('San Benito Abad', 1, 70, 795),
('San Bernardo', 1, 25, 796),
('San Bernardo', 1, 52, 797),
('San Bernardo del Viento', 1, 23, 798),
('San Calixto', 1, 54, 799),
('San Carlos', 1, 5, 800),
('San Carlos', 1, 23, 801),
('San Carlos de Guaroa', 1, 50, 802),
('San Cayetano', 1, 25, 803),
('San Cayetano', 1, 54, 804),
('San Cristobal', 1, 13, 805),
('San Diego', 1, 20, 806),
('San Eduardo', 1, 15, 807),
('San Estanislao', 1, 13, 808),
('San Fernando', 1, 13, 809),
('San Francisco', 1, 5, 810),
('San Francisco', 1, 25, 811),
('San Francisco', 1, 86, 812),
('San Gíl', 1, 68, 813),
('San Jacinto', 1, 13, 814),
('San Jacinto del Cauca', 1, 13, 815),
('San Jerónimo', 1, 5, 816),
('San Joaquín', 1, 68, 817),
('San José', 1, 17, 818),
('San José de Miranda', 1, 68, 819),
('San José de Montaña', 1, 5, 820),
('San José de Pare', 1, 15, 821),
('San José de Uré', 1, 23, 822),
('San José del Fragua', 1, 18, 823),
('San José del Guaviare', 1, 95, 824),
('San José del Palmar', 1, 27, 825),
('San Juan de Arama', 1, 50, 826),
('San Juan de Betulia', 1, 70, 827),
('San Juan de Nepomuceno', 1, 13, 828),
('San Juan de Pasto', 1, 52, 829),
('San Juan de Río Seco', 1, 25, 830),
('San Juan de Urabá', 1, 5, 831),
('San Juan del Cesar', 1, 44, 832),
('San Juanito', 1, 50, 833),
('San Lorenzo', 1, 52, 834),
('San Luis', 1, 73, 835),
('San Luís', 1, 5, 836),
('San Luís de Gaceno', 1, 15, 837),
('San Luís de Palenque', 1, 85, 838),
('San Marcos', 1, 70, 839),
('San Martín', 1, 20, 840),
('San Martín', 1, 50, 841),
('San Martín de Loba', 1, 13, 842),
('San Mateo', 1, 15, 843),
('San Miguel', 1, 68, 844),
('San Miguel', 1, 86, 845),
('San Miguel de Sema', 1, 15, 846),
('San Onofre', 1, 70, 847),
('San Pablo', 1, 13, 848),
('San Pablo', 1, 52, 849),
('San Pablo de Borbur', 1, 15, 850),
('San Pedro', 1, 5, 851),
('San Pedro', 1, 70, 852),
('San Pedro', 1, 76, 853),
('San Pedro de Cartago', 1, 52, 854),
('San Pedro de Urabá', 1, 5, 855),
('San Pelayo', 1, 23, 856),
('San Rafael', 1, 5, 857),
('San Roque', 1, 5, 858),
('San Sebastián', 1, 19, 859),
('San Sebastián de Buenavista', 1, 47, 860),
('San Vicente', 1, 5, 861),
('San Vicente del Caguán', 1, 18, 862),
('San Vicente del Chucurí', 1, 68, 863),
('San Zenón', 1, 47, 864),
('Sandoná', 1, 52, 865),
('Santa Ana', 1, 47, 866),
('Santa Bárbara', 1, 5, 867),
('Santa Bárbara', 1, 68, 868),
('Santa Bárbara (Iscuandé)', 1, 52, 869),
('Santa Bárbara de Pinto', 1, 47, 870),
('Santa Catalina', 1, 13, 871),
('Santa Fé de Antioquia', 1, 5, 872),
('Santa Genoveva de Docorodó', 1, 27, 873),
('Santa Helena del Opón', 1, 68, 874),
('Santa Isabel', 1, 73, 875),
('Santa Lucía', 1, 8, 876),
('Santa Marta', 1, 47, 877),
('Santa María', 1, 15, 878),
('Santa María', 1, 41, 879),
('Santa Rosa', 1, 13, 880),
('Santa Rosa', 1, 19, 881),
('Santa Rosa de Cabal', 1, 66, 882),
('Santa Rosa de Osos', 1, 5, 883),
('Santa Rosa de Viterbo', 1, 15, 884),
('Santa Rosa del Sur', 1, 13, 885),
('Santa Rosalía', 1, 99, 886),
('Santa Sofía', 1, 15, 887),
('Santana', 1, 15, 888),
('Santander de Quilichao', 1, 19, 889),
('Santiago', 1, 54, 890),
('Santiago', 1, 86, 891),
('Santo Domingo', 1, 5, 892),
('Santo Tomás', 1, 8, 893),
('Santuario', 1, 5, 894),
('Santuario', 1, 66, 895),
('Sapuyes', 1, 52, 896),
('Saravena', 1, 81, 897),
('Sardinata', 1, 54, 898),
('Sasaima', 1, 25, 899),
('Sativanorte', 1, 15, 900),
('Sativasur', 1, 15, 901),
('Segovia', 1, 5, 902),
('Sesquilé', 1, 25, 903),
('Sevilla', 1, 76, 904),
('Siachoque', 1, 15, 905),
('Sibaté', 1, 25, 906),
('Sibundoy', 1, 86, 907),
('Silos', 1, 54, 908),
('Silvania', 1, 25, 909),
('Silvia', 1, 19, 910),
('Simacota', 1, 68, 911),
('Simijaca', 1, 25, 912),
('Simití', 1, 13, 913),
('Sincelejo', 1, 70, 914),
('Sincé', 1, 70, 915),
('Sipí', 1, 27, 916),
('Sitionuevo', 1, 47, 917),
('Soacha', 1, 25, 918),
('Soatá', 1, 15, 919),
('Socha', 1, 15, 920),
('Socorro', 1, 68, 921),
('Socotá', 1, 15, 922),
('Sogamoso', 1, 15, 923),
('Solano', 1, 18, 924),
('Soledad', 1, 8, 925),
('Solita', 1, 18, 926),
('Somondoco', 1, 15, 927),
('Sonsón', 1, 5, 928),
('Sopetrán', 1, 5, 929),
('Soplaviento', 1, 13, 930),
('Sopó', 1, 25, 931),
('Sora', 1, 15, 932),
('Soracá', 1, 15, 933),
('Sotaquirá', 1, 15, 934),
('Sotara (Paispamba)', 1, 19, 935),
('Sotomayor (Los Andes)', 1, 52, 936),
('Suaita', 1, 68, 937),
('Suan', 1, 8, 938),
('Suaza', 1, 41, 939),
('Subachoque', 1, 25, 940),
('Sucre', 1, 19, 941),
('Sucre', 1, 68, 942),
('Sucre', 1, 70, 943),
('Suesca', 1, 25, 944),
('Supatá', 1, 25, 945),
('Supía', 1, 17, 946),
('Suratá', 1, 68, 947),
('Susa', 1, 25, 948),
('Susacón', 1, 15, 949),
('Sutamarchán', 1, 15, 950),
('Sutatausa', 1, 25, 951),
('Sutatenza', 1, 15, 952),
('Suárez', 1, 19, 953),
('Suárez', 1, 73, 954),
('Sácama', 1, 85, 955),
('Sáchica', 1, 15, 956),
('Tabio', 1, 25, 957),
('Tadó', 1, 27, 958),
('Talaigua Nuevo', 1, 13, 959),
('Tamalameque', 1, 20, 960),
('Tame', 1, 81, 961),
('Taminango', 1, 52, 962),
('Tangua', 1, 52, 963),
('Taraira', 1, 97, 964),
('Tarazá', 1, 5, 965),
('Tarqui', 1, 41, 966),
('Tarso', 1, 5, 967),
('Tasco', 1, 15, 968),
('Tauramena', 1, 85, 969),
('Tausa', 1, 25, 970),
('Tello', 1, 41, 971),
('Tena', 1, 25, 972),
('Tenerife', 1, 47, 973),
('Tenjo', 1, 25, 974),
('Tenza', 1, 15, 975),
('Teorama', 1, 54, 976),
('Teruel', 1, 41, 977),
('Tesalia', 1, 41, 978),
('Tibacuy', 1, 25, 979),
('Tibaná', 1, 15, 980),
('Tibasosa', 1, 15, 981),
('Tibirita', 1, 25, 982),
('Tibú', 1, 54, 983),
('Tierralta', 1, 23, 984),
('Timaná', 1, 41, 985),
('Timbiquí', 1, 19, 986),
('Timbío', 1, 19, 987),
('Tinjacá', 1, 15, 988),
('Tipacoque', 1, 15, 989),
('Tiquisio (Puerto Rico)', 1, 13, 990),
('Titiribí', 1, 5, 991),
('Toca', 1, 15, 992),
('Tocaima', 1, 25, 993),
('Tocancipá', 1, 25, 994),
('Toguí', 1, 15, 995),
('Toledo', 1, 5, 996),
('Toledo', 1, 54, 997),
('Tolú', 1, 70, 998),
('Tolú Viejo', 1, 70, 999),
('Tona', 1, 68, 1000),
('Topagá', 1, 15, 1001),
('Topaipí', 1, 25, 1002),
('Toribío', 1, 19, 1003),
('Toro', 1, 76, 1004),
('Tota', 1, 15, 1005),
('Totoró', 1, 19, 1006),
('Trinidad', 1, 85, 1007),
('Trujillo', 1, 76, 1008),
('Tubará', 1, 8, 1009),
('Tuchín', 1, 23, 1010),
('Tulúa', 1, 76, 1011),
('Tumaco', 1, 52, 1012),
('Tunja', 1, 15, 1013),
('Tunungua', 1, 15, 1014),
('Turbaco', 1, 13, 1015),
('Turbaná', 1, 13, 1016),
('Turbo', 1, 5, 1017),
('Turmequé', 1, 15, 1018),
('Tuta', 1, 15, 1019),
('Tutasá', 1, 15, 1020),
('Támara', 1, 85, 1021),
('Támesis', 1, 5, 1022),
('Túquerres', 1, 52, 1023),
('Ubalá', 1, 25, 1024),
('Ubaque', 1, 25, 1025),
('Ubaté', 1, 25, 1026),
('Ulloa', 1, 76, 1027),
('Une', 1, 25, 1028),
('Unguía', 1, 27, 1029),
('Unión Panamericana (ÁNIMAS)', 1, 27, 1030),
('Uramita', 1, 5, 1031),
('Uribe', 1, 50, 1032),
('Uribia', 1, 44, 1033),
('Urrao', 1, 5, 1034),
('Urumita', 1, 44, 1035),
('Usiacuri', 1, 8, 1036),
('Valdivia', 1, 5, 1037),
('Valencia', 1, 23, 1038),
('Valle de San José', 1, 68, 1039),
('Valle de San Juan', 1, 73, 1040),
('Valle del Guamuez', 1, 86, 1041),
('Valledupar', 1, 20, 1042),
('Valparaiso', 1, 5, 1043),
('Valparaiso', 1, 18, 1044),
('Vegachí', 1, 5, 1045),
('Venadillo', 1, 73, 1046),
('Venecia', 1, 5, 1047),
('Venecia (Ospina Pérez)', 1, 25, 1048),
('Ventaquemada', 1, 15, 1049),
('Vergara', 1, 25, 1050),
('Versalles', 1, 76, 1051),
('Vetas', 1, 68, 1052),
('Viani', 1, 25, 1053),
('Vigía del Fuerte', 1, 5, 1054),
('Vijes', 1, 76, 1055),
('Villa Caro', 1, 54, 1056),
('Villa Rica', 1, 19, 1057),
('Villa de Leiva', 1, 15, 1058),
('Villa del Rosario', 1, 54, 1059),
('Villagarzón', 1, 86, 1060),
('Villagómez', 1, 25, 1061),
('Villahermosa', 1, 73, 1062),
('Villamaría', 1, 17, 1063),
('Villanueva', 1, 13, 1064),
('Villanueva', 1, 44, 1065),
('Villanueva', 1, 68, 1066),
('Villanueva', 1, 85, 1067),
('Villapinzón', 1, 25, 1068),
('Villarrica', 1, 73, 1069),
('Villavicencio', 1, 50, 1070),
('Villavieja', 1, 41, 1071),
('Villeta', 1, 25, 1072),
('Viotá', 1, 25, 1073),
('Viracachá', 1, 15, 1074),
('Vista Hermosa', 1, 50, 1075),
('Viterbo', 1, 17, 1076),
('Vélez', 1, 68, 1077),
('Yacopí', 1, 25, 1078),
('Yacuanquer', 1, 52, 1079),
('Yaguará', 1, 41, 1080),
('Yalí', 1, 5, 1081),
('Yarumal', 1, 5, 1082),
('Yolombó', 1, 5, 1083),
('Yondó (Casabe)', 1, 5, 1084),
('Yopal', 1, 85, 1085),
('Yotoco', 1, 76, 1086),
('Yumbo', 1, 76, 1087),
('Zambrano', 1, 13, 1088),
('Zapatoca', 1, 68, 1089),
('Zapayán (PUNTA DE PIEDRAS)', 1, 47, 1090),
('Zaragoza', 1, 5, 1091),
('Zarzal', 1, 76, 1092),
('Zetaquirá', 1, 15, 1093),
('Zipacón', 1, 25, 1094),
('Zipaquirá', 1, 25, 1095),
('Zona Bananera (PRADO - SEVILLA)', 1, 47, 1096),
('Ábrego', 1, 54, 1097),
('Íquira', 1, 41, 1098),
('Úmbita', 1, 15, 1099),
('Útica', 1, 25, 1100);

-- --------------------------------------------------------

--
-- Estructura de tabla para la tabla `participantes`
--

CREATE TABLE `participantes` (
  `id` int(11) NOT NULL,
  `nombre` varchar(255) COLLATE utf8mb4_unicode_ci NOT NULL,
  `ciudad` int(11) NOT NULL
) ENGINE=InnoDB DEFAULT CHARSET=utf8mb4 COLLATE=utf8mb4_unicode_ci;

--
-- Volcado de datos para la tabla `participantes`
--

INSERT INTO `participantes` (`id`, `nombre`, `ciudad`) VALUES
(6, 'ruben pulgarin', 657),
(7, 'Valentina Serna', 1027);

-- --------------------------------------------------------

--
-- Estructura de tabla para la tabla `sorteo`
--

CREATE TABLE `sorteo` (
  `id` int(11) NOT NULL,
  `fecha` date NOT NULL,
  `documento_id` int(11) DEFAULT NULL
) ENGINE=InnoDB DEFAULT CHARSET=utf8mb4 COLLATE=utf8mb4_unicode_ci;

--
-- Índices para tablas volcadas
--

--
-- Indices de la tabla `departamentos`
--
ALTER TABLE `departamentos`
  ADD PRIMARY KEY (`id_departamento`);

--
-- Indices de la tabla `municipios`
--
ALTER TABLE `municipios`
  ADD PRIMARY KEY (`id`);

--
-- Indices de la tabla `participantes`
--
ALTER TABLE `participantes`
  ADD PRIMARY KEY (`id`);

--
-- Indices de la tabla `sorteo`
--
ALTER TABLE `sorteo`
  ADD PRIMARY KEY (`id`),
  ADD KEY `IDX_705F75E045C0CF75` (`documento_id`);

--
-- AUTO_INCREMENT de las tablas volcadas
--

--
-- AUTO_INCREMENT de la tabla `departamentos`
--
ALTER TABLE `departamentos`
  MODIFY `id_departamento` int(11) UNSIGNED NOT NULL AUTO_INCREMENT, AUTO_INCREMENT=100;

--
-- AUTO_INCREMENT de la tabla `municipios`
--
ALTER TABLE `municipios`
  MODIFY `id` int(11) NOT NULL AUTO_INCREMENT, AUTO_INCREMENT=1101;

--
-- AUTO_INCREMENT de la tabla `participantes`
--
ALTER TABLE `participantes`
  MODIFY `id` int(11) NOT NULL AUTO_INCREMENT, AUTO_INCREMENT=8;

--
-- AUTO_INCREMENT de la tabla `sorteo`
--
ALTER TABLE `sorteo`
  MODIFY `id` int(11) NOT NULL AUTO_INCREMENT;

--
-- Restricciones para tablas volcadas
--

--
-- Filtros para la tabla `sorteo`
--
ALTER TABLE `sorteo`
  ADD CONSTRAINT `FK_705F75E045C0CF75` FOREIGN KEY (`documento_id`) REFERENCES `participantes` (`id`);
COMMIT;